MinTemp,MaxTemp,Rainfall,WindSpeed9am,WindSpeed3pm,Humidity9am,Humidity3pm,Pressure9am,Pressure3pm,Cloud9am,Cloud3pm,Temp9am,Temp3pm,RISK_MM,Location,WindGustDir,WindDir9am,WindDir3pm,RainToday,RainTomorrow
-0.18411492357966402,0.09818338144459193,-0.11547005383792501,0.13736056394868904,0.0,-0.31851102863530306,-1.4021363680319483,0.01404832506542076,0.18162731983534142,1.3416407864998738,1.414213562373095,0.16131430448882367,0.23556875584762357,-0.9622504486493761,0.0,0.0,0.0,0.0,0.0,0
-1.4729193886373173,-1.5288555110658142,-1.5011106998930268,-1.2362450755382013,-1.0690449676496976,-1.4105488410991993,-0.4123930494211613,1.3064942310794032,1.2434485742571761,-1.3416407864998738,-1.414213562373095,-1.5900981442470032,-1.6489812909333579,-0.9622504486493761,0.0,0.0,0.0,0.0,0.0,0
1.2888044650576531,1.276383958779715,1.2701705922171769,1.5109662034355793,1.6035674514745464,1.3195456900605411,1.2371791482634837,-1.503170781994527,-1.5508178847476854,0.4472135954999579,0.0,1.1752899327043045,1.0432330616109007,1.3471506281091266,1.0,1.0,1.0,1.0,1.0,1
0.3682298471593297,0.1542881708415033,0.3464101615137758,-0.4120816918460671,-0.5345224838248488,0.40951417967396103,0.5773502691896257,0.18262822584983102,0.12574199065523148,-0.4472135954999579,0.0,0.2534939070538686,0.37017947347483604,0.5773502691896257,0.0,0.0,0.0,0.0,0.0,0
