{
  "accuracy": 0.9988,
  "precision": 0.9991031390134529,
  "recall": 0.9955317247542449,
  "f1": 0.9973142345568488,
  "cv_mean_accuracy": 0.9992000000000001,
  "cv_std_accuracy": 0.0004560701700396537
}