Location,MinTemp,MaxTemp,Rainfall,Evaporation,Sunshine,WindGustDir,WindGustSpeed,WindDir9am,WindDir3pm,WindSpeed9am,WindSpeed3pm,Humidity9am,Humidity3pm,Pressure9am,Pressure3pm,Cloud9am,Cloud3pm,Temp9am,Temp3pm,RainToday,RISK_MM,RainTomorrow
0.0,1.0643210332872755,-1.3906253494594594,1.7320508075688772,0.0,0.0,0.0,0.5007733956671915,0.0,0.0,1.0,0.5641330608334512,1.6931233465600393,-0.24663181183349503,-0.780995188752273,-0.904894006358313,1.7320508075688774,-0.5773502691896258,-0.8640987597877136,-1.251248318255549,0.0,-0.5773502691896258,0
0.0,-1.3229410974505396,-0.17899138161359324,-0.5773502691896258,0.0,0.0,0.0,0.5007733956671915,0.0,0.0,-1.4615384615384615,0.26326209505561055,-0.43312457702698676,0.34528453656689306,-0.06764525256908989,-0.5881811041329523,-0.5773502691896258,-0.5773502691896258,-0.6789347398332028,0.20369158669276474,0.0,-0.5773502691896258,0
0.0,0.8653825223924575,0.1514542459807323,-0.5773502691896258,0.0,0.0,0.0,0.7233393492970543,0.0,0.0,0.8461538461538461,0.8650040266112917,-0.9056241156018814,1.3318117839008732,-0.8055934624137678,-0.18097880127169347,-0.5773502691896258,1.7320508075688774,1.6664761795905938,-0.4364819714844941,0.0,-0.5773502691896258,0
0.0,-0.6067624582291955,1.4181624850923185,-0.5773502691896258,0.0,0.0,0.0,-1.7248861406314373,0.0,0.0,-0.38461538461538464,-1.6923991825003533,-0.354374653931171,-1.430464508634271,1.6542339037351588,1.6740539117627016,-0.5773502691896258,-0.5773502691896258,-0.12344267996967086,1.4840387030472804,0.0,1.7320508075688774,0
